{"cameraMode":{"drawMode":0,"name":"Shaded","section":"Shading Mode"},"sceneLighting":false,"audioPlay":false,"sceneViewState":{"m_AlwaysRefresh":false,"showFog":false,"showSkybox":false,"showFlares":false,"showImageEffects":false,"showParticleSystems":false,"showVisualEffectGraphs":true,"m_FxEnabled":true},"in2DMode":false,"pivot":{"x":0.07015407085418701,"y":0.8935271501541138,"z":0.043539077043533328},"rotation":{"x":0.26809024810791018,"y":0.024563325569033624,"z":-0.006837945897132158,"w":0.9630585312843323},"size":1.31100332736969,"orthographic":false}